{
    "palm": {
        "precision": 1.0,
        "recall": 0.993127147766323,
        "f1-score": 0.996551724137931,
        "support": 291.0
    },
    "fist": {
        "precision": 0.935064935064935,
        "recall": 1.0,
        "f1-score": 0.9664429530201343,
        "support": 72.0
    },
    "thumb_index": {
        "precision": 1.0,
        "recall": 0.9671361502347418,
        "f1-score": 0.9832935560859188,
        "support": 213.0
    },
    "grabbing": {
        "precision": 0.976878612716763,
        "recall": 1.0,
        "f1-score": 0.9883040935672515,
        "support": 169.0
    },
    "accuracy": 0.9879194630872483,
    "macro avg": {
        "precision": 0.9779858869454245,
        "recall": 0.9900658245002663,
        "f1-score": 0.9836480817028089,
        "support": 745.0
    },
    "weighted avg": {
        "precision": 0.9884794105688703,
        "recall": 0.9879194630872483,
        "f1-score": 0.9879803538265152,
        "support": 745.0
    }
}