{
    "palm": {
        "precision": 1.0,
        "recall": 0.993127147766323,
        "f1-score": 0.996551724137931,
        "support": 291.0
    },
    "fist": {
        "precision": 0.9459459459459459,
        "recall": 0.9722222222222222,
        "f1-score": 0.958904109589041,
        "support": 72.0
    },
    "thumb_index": {
        "precision": 0.9951923076923077,
        "recall": 0.971830985915493,
        "f1-score": 0.9833729216152018,
        "support": 213.0
    },
    "grabbing": {
        "precision": 0.9712643678160919,
        "recall": 1.0,
        "f1-score": 0.9854227405247813,
        "support": 169.0
    },
    "accuracy": 0.9865771812080537,
    "macro avg": {
        "precision": 0.9781006553635865,
        "recall": 0.9842950889760096,
        "f1-score": 0.9810628739667387,
        "support": 745.0
    },
    "weighted avg": {
        "precision": 0.9868828829630728,
        "recall": 0.9865771812080537,
        "f1-score": 0.9866208363319126,
        "support": 745.0
    }
}