{
    "palm": {
        "precision": 1.0,
        "recall": 1.0,
        "f1-score": 1.0,
        "support": 291.0
    },
    "fist": {
        "precision": 0.9466666666666667,
        "recall": 0.9861111111111112,
        "f1-score": 0.9659863945578231,
        "support": 72.0
    },
    "thumb_index": {
        "precision": 0.9952380952380953,
        "recall": 0.9812206572769953,
        "f1-score": 0.9881796690307328,
        "support": 213.0
    },
    "grabbing": {
        "precision": 1.0,
        "recall": 1.0,
        "f1-score": 1.0,
        "support": 169.0
    },
    "accuracy": 0.9932885906040269,
    "macro avg": {
        "precision": 0.9854761904761905,
        "recall": 0.9918329420970267,
        "f1-score": 0.988541515897139,
        "support": 745.0
    },
    "weighted avg": {
        "precision": 0.9934841802492809,
        "recall": 0.9932885906040269,
        "f1-score": 0.9933332750492743,
        "support": 745.0
    }
}